Street,Street 2,Street 3,City,County,Post Code,Status
5 Princess Road,,,Cleveleys,Lancashire,FY5 1BP,LIVE
91 Lord Street,,,Southport,Merseyside,PR8 1RH,LIVE
58 Church St,,,St Helens,Merseyside,WA10 1AD,LIVE
Unit A,Civic Centre,The Birtles,Wythenshawe,Manchester,M22 5HZ,LIVE
Unit 8,Allerdyce Road,Great Western Retail Park,Glasgow,,G15 6RX,LIVE
Unit 6,Meteor Centre,Mansfield Road,Derby,,DE21 4SY,LIVE
Units 2 - 3,Coast Road Retail Park,,North Shields,Tyne and Wear,NE29 7UJ,LIVE
Units 3 - 4,Rydon Lane Retail Park,,Exeter,Devon,EX2 7HX,LIVE
Unit 1,Romvalley Retail Park,,Romford,London,RM7 0AN,LIVE
HEAD OFFICE,,,,,,LIVE
51 - 55 High Street,,,Kettering,Northamptonshire,NN16 8TE,LIVE
374 Ewell Road,,,Tolworth,Surrey,KT6 7BB,LIVE
Castle Gate,,,Berwick Upon Tweed,Northumberland,TD15 1JS,LIVE
Unit 4,Corporation Street,,Colne,Lancashire,BB8 8LU,LIVE
25 - 29 Market Place,,,Romford,London,RM1 3AB,LIVE
57 Newtown Road,Bedworth,,Nuneaton,Warwickshire,CV12 8QD,LIVE
Unit E,Stone Lake Retail Park,601 Woolwich Road,Charlton,London,SE7 8LU,LIVE
Unit 6B,Riverside Retail Park,,Norwich,Norfolk,NR1 1WU,LIVE
27-30 Hagley Mall,The Cornbow,,Halesowen,,B63 4AL,LIVE
Stenson Road,,,Derby,Derbyshire,DE23 1JD,LIVE
Gallagher Retail Park,,,Wednesbury,West Midlands,WS10 9QY,LIVE
Unit 7,Trafford Retail Park,Neary Way,Urmston,Manchester,M41 7FN,LIVE
49-57 Sheep Street,,,Bicester,Oxfordshire,OX26 6JW,LIVE
27 Market Street,,,Hemsworth,Pontefract,WF9 4LB,LIVE
4 Willowbrook Park,Derby Road,,Loughborough,Leicestershire,LE11 5HG,LIVE
Unit 2A, Ravenside Retail Park,,Glynde Gap,,Bexhill On Sea,,TN40 2JS,LIVE
Unit 38B, The Walnuts Shopping Centre,,,Orpington,Kent,BR6 0TW,LIVE
1A Pilot Close,Airport Retail Park,,Coventry,,CV3 4RP,LIVE
30 Middle Street South,,,Driffield,East Yorkshire,YO25 6PS,LIVE
9 Bridge Street,,,Linwood,Paisley,PA3 3DB,LIVE
Unit 10, La Porte Precinct,Talbot Street,,Grangemouth,Central,FK3 8HU,LIVE
Church Street,,,Shildon,County Durham,DL4 1DU,LIVE
Stretford Road,Shirley,,Birmingham,,B90 3AQ,LIVE
Huddersfield Road,Elland,,Halifax,West Yorkshire,HX5 9AH,LIVE
Wigton Road,,,Carlisle,Cumbria,CA2 7EP,LIVE
Church Street,Armthorpe,,Doncaster,,DN3 3AE,LIVE
Units 2-3, Beckton Triangle Retail Park,Newham,,Beckton,London,E6 6LH,LIVE
Howard Road,Eaton Socon,,St Neots,Cambridgeshire,PE19 8ET,LIVE
Unit A, Ashford Retail Park,,,Ashford,Kent,TN24 0SG,LIVE
Units 2-3, Sunderland Gateway,Roker Avenue,,Sunderland,,SR6 0BW,LIVE
Ringtail Retail Park,Burscough,,Ormskirk,Lancashire,L40 8AD,LIVE
West Street,Normanton,,Wakefield,West Yorkshire,WF6 2AP,LIVE
Vancouver Centre,,,Kings Lynn,,PE30 1DS,LIVE
Riverside Market Place,Springs Parade,,Brigg,,DN20 8EQ,LIVE
Unit 10B,Astle Park,,West Bromwich,,B70 8NS,LIVE
Boongate Retail Park,Padholme Road,,Peterborough,,PE1 5SX,LIVE
Rayne Road,,,Braintree,Essex,CM7 2QP,LIVE
Great Western Road,,,Clevedon,,BS21 6HX,LIVE
Aberystwyth Road,,,Cardigan,,SA43 1NA,LIVE
Southampton Road Retail Park,,,Salisbury,,SP1 2FE,LIVE
Milton Road South,,,Stowmarket,Suffolk,IP14 1EJ,LIVE
Unit 2, ,Parsonage Retail Park,,Leigh,,WN7 5SJ,LIVE
Pier Street,,,Burnham-On-Sea,Somerset,TA8 1BT,LIVE
Unit 7, Gallagher Shopping Park,3 Glen Mill Way,,Port Glasgow,,PA14 5AU,LIVE
Unit 1, Coypool Retail Park,Coypool Road,,Plymouth,,PL7 4TB,LIVE
Bailiff Bridge Retail Development,Bradford Road,,Brighouse,,HD6 4DH,LIVE
Callywith Retail Park,Forth An Hellier,,Bodmin,Cornwall,PL31 2GR,LIVE
Irwell Street,,,Bacup,Lancashire,OL13 0AD,LIVE
Pierpoint Retail Park,Hansa Road,,Kings Lynn,,PE30 4HW,LIVE
Unit 2,South Baileygate Retail Park,,Pontefract,W Yorks,WF8 2LN,LIVE
Milton of Inshes,Sir Walter Scott Drive/Culloden Road,,Inverness,,IV2 3TW,LIVE
Lower Cardiff Road,,,Pwllheli,Gwynedd,LL53 5NF,LIVE
Quora Retail Park,Wakefield Road,,Featherstone,Pontefract,WF7 5LD,LIVE
Unit C, Binhamy Retail Park,Stratton,,Bude,,EX23 9TG,LIVE
Unit 2, Bath Road,Broomhall,,Worcester,,WR5 3HW,LIVE
Portlethen Retail Park,Muirend Road, Portlethen,,Aberdeen,,AB12 4XP,LIVE
Unit 2, Ravensbourne Retail Park,134 Bromley Road,,Catford,,SE6 2UY,LIVE
10 Market Street,,,Wellingborough,,NN8 1AN,LIVE
Almondvale Business Park,Almondvale Place,,Livingston,,EH54 6GA,LIVE
Unit 17 Junction One,Leicester Road,,Rugby,,CV21 1RW,LIVE
Unit A2 ,Congleton Retail Park,,Congleton,,CW12 1LJ,LIVE
Unit 1 Mill Lane Retail Park,Mill Lane,,Welshpool,,SY21 7BL,LIVE
Unit 1,Armley Road,,Leeds,,LS12 2DL,LIVE
Unit 5,Lower Hall Lane,,Walsall,West Midlands,WS1 1QU,LIVE
Units C3-C4, Strood Retail Park,Commercial Road,,Strood,Kent,ME2 2AB,LIVE
Station Approach,,,Frome,Somerset,BA11 1RE,LIVE
Castlemilk Shopping Centre,,,Castlemilk,Glasgow,G45 9AA,LIVE
West hill,Dunveth Business Park,,Wadebridge,,PL27 7FE,LIVE
Units D - F,Abbey Retail Park,,Daventry,,NN11 4GL,LIVE
Unit 3,Cleveland Gate Retail Park,,Guisborough,,TS14 7DL,LIVE
82-86 High Street,,,Ashford,Kent,TN24 8SE,LIVE
Launceston Retail Park,Hurdon Road,,Launceston,,Pl15 9DA,LIVE
22 Medway Street,,,Chatham,,ME4 4HA,LIVE
Units 4-5,Straiton,,Edinburgh,,EH20 9QY,LIVE
Unit 2, The Rock Retail Park,New Chester Road,,Birkenhead,,CH41 9DF,LIVE
Heathfield Retail Park,Heathfield Road,,Ayr,,KA8 9BF,LIVE
Pheasant Field Lane,Skelton,,Saltburn by the Sea,,TS12 2ZL,LIVE
Unit 6A,Parc Tawe Retail Park,,,Swansea,SA1 2AP,LIVE
Ortongate Centre,,,,Peterborough,PE2 5TD,LIVE
95-97 London Road North,,,Lowestoft,,NR32 1LX,LIVE
3-5 Town Square,,,Basildon,,SS14 1DZ,LIVE
23-31 South Street  ,,,Bishop Stortford,Hertfordshire,CM23 3AB,LIVE
Unit 1,Drumkeen Retail Park,,Belfast,Northern Ireland,BT8 6RB,LIVE
Thackeray Mall,,,Fareham,Hants,PO16 0PN,LIVE
Unit 4,Huntingdon Retail Park,,Huntingdon,,PE29 7DZ,LIVE
63 St Annes Road West,,,St Annes on Sea,,FY8 1SB,LIVE
78 Chad Parade,,,Kirkby,,L32 8UG,LIVE
Leeds Exhibition Centre,Commercial St,,Morley,,LS27 8AG,LIVE
57 HigH Street,,,Newport,Isle Of Wight,PO30 1SD,LIVE
Unit 1,Owlcotes Shopping Centre,,Varley Street, Stanningley,Pudsey,LS28 6AR,LIVE
2 Old Hall St,,,Hanley,,ST1 1QT,LIVE
Unit 1,Trident Shopping Centre,High St,Dudley,,DY1 1DB,LIVE
26 Main Street,Prestwick,,Strathclyde,,KA9 1NX,LIVE
7 Regent Walk,,,Redcar,,TS10 3FB,LIVE
Unit 18,Harpurhey Shopping Centre,,Harpurhey,Manchester,M9 2DJ,LIVE
11-15 Wharf Street,,,Sowerby Bridge,West Yorkshire,HX6 2EG,LIVE
22 Hornspit Lane,,,West Derby,Liverpool,L12 5LT,LIVE
Unit 10A, The Gerard Centre ,Gerard Street ,,Ashton-in-Makerfield,Wigan ,WN4 9AN ,LIVE
Unit 2, Fulwood Central Retail Park,Olivers Place,Fulwood,Preston,,PR2 9BQ,LIVE
Chapel Street,,,Hucknall,,NG15 7AU,LIVE
305-321 Whitegate Drive,,,Blackpool,,FY3 9JS,LIVE
9-11 Bow Street,,,Ashton-under-Lyne,,OL6 6BU,LIVE
Units 5-6,Central Retail Park,,Wrexham,Clwyd,LL13 7SU,LIVE
3 Railway Road,,,Ormskirk,,L39 2DN,LIVE
60 Newbottle Street,,,Houghton Le Spring,,DH4 4AF,LIVE
Unit 16,The Albion Centre Bath Street,,Ilkeston,,DE7 8AG,LIVE
Station Road,,,Ellesmere Port,,CH65 4FT,LIVE
17 Liscard Way,Cherry Tree Centre, Liscard,,Wallasey,Merseyside,CH44 5TL,LIVE
The Strand,,,Longton,Stoke On Trent,ST3 2JF,LIVE
Belle Vale Shopping Centre,,,Liverpool,,L25 2RG,LIVE
Norfolk Street,,,Glossop,,SK13 8BS,LIVE
16 The Precinct,Wesley Court,,Blaydon,Gateshead,NE21 5BT,LIVE
Unit D,Trident Shopping Centre,Halton Lea,Runcorn,,WA7 2FQ,LIVE
Units 9-10,Crescent Link Retail Park,,,Londonderry,BT47 6SA,LIVE
Unit 4 Victoria Shopping Park,Hednesford,,Cannock,Staffordshire,WS12 1BT,LIVE
7 Market Street,,,Ferryhill,County Durham,DL17 8JN,LIVE
63/75 Dalton Road,,,Barrow-in-Furness,,LA14 1HZ,LIVE
Tape Street,,,Cheadle,,ST10 1EU,LIVE
1163 Waterloo Road,Burslem,,Stoke On Trent,,ST6 3EH,LIVE
Wiltshire Drive,Station Road,Wallsend,Newcastle Upon Tyne,,NE28 8TY,LIVE
Station Road,,,Ruthin,Denbighshire,LL15 1BP,LIVE
9-23 County Road,,,Walton,Liverpool,L4 3QA,LIVE
Waterloo Square,,,South Shields,,NE33 1AX,LIVE
Unit 1,Horns Road,,Ilford,,IG2 6BE,LIVE
Torre Lane,York Road,,Leeds,,LS9 6TN,LIVE
Unit 4,Cliff Road,Blackwood Park,Blackwood,,NP12 0NT,LIVE
Unit 2,Hamilton Retail Park,,Hamilton,South Lanarkshire,ML3 0DF,LIVE
Unit C,Heybarnes Circus,Coventry Road,Birmingham,,B25 8DL,LIVE
English Walls,,,Oswestry,,SY11 2PA,LIVE
61-63 Carolgate,,,Retford,,DN22 6BU,LIVE
26-32 Church Street,,,Blackpool,Lancashire,FY1 1EW,LIVE
33 Bedford Street,Beacon Shopping Centre,,North Shields,,NE29 6QA,LIVE
Parc-Y-Llyn Retail Park,,,Aberdare,,CF44 7RW,LIVE
55-58 New Strand Shopping Precinct,Medway,,Bootle,Merseyside,L20 4SR,LIVE
2-6 High Street,,,Enniskillen,County Fermanagh,BT74 7EH,LIVE
32-36 Castle Street,,,Hinckley,Leicester,LE10 1DJ,LIVE
45 Market Place,,,Pontefract,West Yorkshire,WF8 1AJ,LIVE
9-10 Middlegate,,,Penrith,,CA11 7PQ,LIVE
24 High Street,,,Dalkieth,Mid Lothian,EH22 1HR,LIVE
8-10 Castle Street,,,Strabane,Co Tyrone,BT82 8AD,LIVE
36 Idlewells Shopping Centre,,,Sutton in Ashfield,Nottinghamshire,NG17 1BP,LIVE
Clifton Triangle,Green Lane,,Nottingham,,NG11 9LN,LIVE
44 High Street,,,Mexborough,South Yorkshire,S64 9AT,LIVE
44-50 High Street,,,Newport,Shropshire,TF10 7AQ,LIVE
18 Church Lane,,,Pudsey,Leeds,LS28 7TY,LIVE
15 Viking Precinct,Viking Shopping Centre,,Jarrow,,NE32 3JY,LIVE
Park Building,92 Taff Street,,Pontypridd,,CF37 4SS,LIVE
1A John Street,,,Porthcawl,,CF36 3AR,LIVE
Unit 9,Caledonian Retail Park,Glasgow Road,Wishaw,Lanarkshire,ML2 7SN,LIVE
Unit 30B,Tower Centre,Wellington Street,Ballymena,County Antrim,BT43 6AH,LIVE
Towers Lane,Cheshire Street,,Market Drayton,,TF9 3AA,LIVE
43-45 Bow Street,,,Lisburn,,BT28 1BT,LIVE
23-25 College Street,,,Rotherham,South Yorkshire,S65 1AE,LIVE
Unit 1,Woodhall Retail Park,,Bradford,West Yorkshire,BD3 7BW,LIVE
60-64 Northgate,,,Darlington,,DL1 1PR,LIVE
Unit MSU2,Market Walk Shopping Centre,,Chorley,Lancashire,PR7 1DE,LIVE
Aberafan Shopping Centre,,,Aberafan,Port Talbot,SA13 1PB,NOT LIVE
Unit 3,Telford Shopping Centre ,,Telford,,TF3 4AE,NOT LIVE
52-53 Yoden Way,Castle Dene Shopping Centre,,Peterlee,County Durham,SR8 1AS,NOT LIVE
60-62 Bridge Place,,,Worksop,,S80 1JN,NOT LIVE
2 - 6 Lisburn Street,,,Ballynahinch,Ireland,BT24 8BD ,NOT LIVE
25-27 Market Street,,,Lichfield,Staffordshire,WS13 6LD,NOT LIVE
Unit 5B,St Andrews Retail Park,375 Hessle Road,Hull,,HU3 4EB,NOT LIVE
Units 230 - 231,Ellesmere Shopping Centre,Bolton Road,Walkden,Manchester,M28 3ZD,NOT LIVE
219 Westwood Shopping Centre,,Kennedy Way,Belfast,,BT11 9BQ,NOT LIVE
84-88 Kilmarnock Road,,,Glasgow,Glasgow,G41 3NN,NOT LIVE
Unit B2,Cheetham Hill Retail Park,Cheetham Hill Road,Cheetham Hill,Manchester,M8 8BB,NOT LIVE
238 Whitley Road,,,Whitley Bay,,NE26 2TE,NOT LIVE
Units 1+2,Broadfields Retail Park,Orritor Road,Cookstown,,BT80 8BH,NOT LIVE
Unit A,Brookway Retail Park,Altrincham Road,Baguley,Manchester,M23 9BL,NOT LIVE
30-36 Front Street,,,Chester-Le-Street,County Durham,DH3 3BE,NOT LIVE
Unit A,Cityside Retail Park,100-150 York Street,Belfast,,BT15 1WA,NOT LIVE
Nantyffin South,Swansea Enterprise Park,,Swansea,,SA7 9RG,NOT LIVE
Knight Retail Park,Thaxted Road,,Saffron Walden,Essex,CB10 2UR,NOT LIVE
Unit 1A,Park Centre,Donegal Road,Belfast,,BT12 6HN,NOT LIVE
46 High Street,,,Grantham,Lincolnshire,NG31 6NG,NOT LIVE
9a Lonsdale Road,,,Armagh,Northern Ireland,BT61 9BT,NOT LIVE
9-10 The Square,Templars Square Shopping Centre,,Cowley,Oxfordshire,OX4 3XH,NOT LIVE
39 High Street,,,Long Eaton,Nottinghamshire,NG10 1JA,NOT LIVE
Unit 3- 4,The Peel Centre,Lower Audley Street,Blackburn,Lancashire,BB1 1BB,NOT LIVE
Castleroe Road,Riverside Retail Park,,Coleraine,County Londonderry,BT51 3QA,NOT LIVE
12 -18 Haymarket,,,Sheffield,,S1 2AX,NOT LIVE
19-22 The Square,,,Beeston,Nottingham,NG9 2JJ,NOT LIVE
Unit F,Dovefields Retail Park,,Uttoxeter,,ST14 8AZ,NOT LIVE
Rochdale Exchange Centre,41 - 43 Yorkshire Street,,Rochdale,,OL16 1BU,NOT LIVE
Unit 2 - 5,,Coventry Road,Sheldon,Birmingham,B26 2DE,NOT LIVE
Croft Road,,,Hawick,,TD9 9RD,NOT LIVE
4-5 Pavillion Square,,,Westhoughton,Bolton,BL5 3AJ,NOT LIVE
Unit 10,Kings Park,Limborough Road,Wantage,Oxfordshire,OX12 9AJ,NOT LIVE
22-26 Standishgate,,,Wigan,Lancashire,WN1 1UE,NOT LIVE
Unit 7 - 9 ,Cromwell Retail Park,,Wisbech,Cambridgeshire ,PE14 0SW,NOT LIVE
No 16,230 Springburn Way,,Springburn,Glasgow,G21 1TS,NOT LIVE
6-7 Hall Street,,,Carmarthen,South Wales,SA31 1PH,NOT LIVE
54 – 62 Brandon Parade South,,,Motherwell,,ML1 1RB,NOT LIVE
804 - 814 Bristol Road,,,South Northfield,Birmingham,B31 2NS,NOT LIVE
Great Portwood Street,,,Stockport,Cheshire,SK1 2ED,NOT LIVE
62 Willenhall - UNIT 2,Keyway Retail Park,Armstrong Way,Willenhall,West Midlands,WV13 2QU,NOT LIVE
Unit 1,Greenside Shopping Centre,Greenside Lane,Droylsden,Manchester,M43 7AD,NOT LIVE
Units 1-2,Shandwick Square Shopping Centre,,Easterhouse,Glasgow,G34 9DT,NOT LIVE
176 East Precinct,Kingsway,,Cleveland,Co Durham,TS23 2LJ,NOT LIVE
Unit 2,Pentwyn Road,Pentwyn,Cardiff,South Wales,CF23 7XH,NOT LIVE
97 Bardowie Street,Saracens Cross,,Glasgow,Lanarkshire,G22 5ET,NOT LIVE
Unit A,The Grove Shopping Centre,Market Street,Downpatrick,,BT30 6LZ,NOT LIVE
Bedwas Road,,,Caerphilly,South Wales,CF83 3AX,NOT LIVE
19 King Street,,,Wigton,Cumbria,CA7 9DT,NOT LIVE
66 High Street,,,Biddulph,Stoke On Trent,ST8 6AS,NOT LIVE
Caledonian Road,,,Larkhall,South Lanarkshire,ML9 1EP,NOT LIVE
Units 3-4,Albion Retail Park,,Blyth,Northumberland,NE24 5BS,NOT LIVE
The Peel Centre,Elm High Road,Emneth,Wisbech,Norfolk,PE13 2SJ,NOT LIVE
Unit 1,Airdrie Retail Park,Gartlea Road,Airdrie,Lanarkshire,ML6 9JB,NOT LIVE
Unit 1/2,Hulme High Street,,Hulme,Manchester,M15 5AF,NOT LIVE
Unit 2,1221 Ashton Old Road,Lime Square,Openshaw,Manchester,M11 1DA,NOT LIVE
20 High Street,Kirkcaldy,,Kirkcaldy,Fife,KY1 1LU,NOT LIVE
Unit 1,44 Tryst Road,,Stenhousemuir,Scotland,FK5 4AH,NOT LIVE
Unit 1,21 Dunkenny Square,,Drumchapel,Glasgow,G15 8BN,NOT LIVE
Gallagher Retail Park,Marchfields Way,,Weston Super Mare,,BS23 3YZ,NOT LIVE
The Blenheim Centre,Alexandra Road,,Hounslow,Middlesex,TW3 1NL,NOT LIVE
30 Chesterfield Road,,,Meersbrook,Sheffield,S8 0RN,NOT LIVE
March Trading Park,Martin Avenue,,March,Cambridge,PE15 0DF,NOT LIVE
Felixstowe Road,,,Ipswich,Suffolk,IP3 8TQ,NOT LIVE
43 High Street,,,Swadlincote,Derbyshire,DE11 8JE,NOT LIVE
1 - 5 Broad Road,,,Sale,Manchester,M33 2AE,NOT LIVE
St Andrews Retail Park,Green Way Street ,Green Way Street,Birmingham,Birmingham,B10 0XA,NOT LIVE
Units 1 - 3,Wellgate Centre,,Dundee,,DD1 2DF,NOT LIVE
Waymills Road ,,,Whitchurch ,Shropshire,SY13 1RY,NOT LIVE
Unit 1 & Unit 4,Victoria Retail Park ,Wingfield Way ,Beverely ,,HU17 8XE,NOT LIVE
Unit 15 Union Arcade,Millgate Shopping Centre,,Bury,,BL9 0QF,NOT LIVE
Unit 7,Peel Centre,Lockerbie Road,Dumfries,,DG1 3PF,NOT LIVE
Unit 1 Queensway Retail Park,,,East Kilbride,,G74 5NY,NOT LIVE
Buxton Road,,,Whaley Bridge,,SK23 7PD,NOT LIVE
Lamont Drive,,,Irvine,Ayrshire,KA12 8HD,NOT LIVE
Kingston Park,Kingston Road,,Hull,,HU1 2TX,NOT LIVE
Unit 2,Cavendish Retail Park,Cavendish Street,Keighley,,BD21 3RL,NOT LIVE
Unit 2/3,Riverside Retail Park,Riverside Road,Leven,,KY8 4LT,NOT LIVE
Unit 4-5 Churchill Way,,,Leyland,,PR25 3LZ,NOT LIVE
Unit 5A,Newcastle Shopping Park,,Newcastle Upon Tyne,,NE6 2UJ,NOT LIVE
Unit D,Bawtry Road Retail Park,,Selby,,YO8 8NB,NOT LIVE
Unit B,Meadowhall Retail Park,,Sheffield,,S9 2YZ,NOT LIVE
Unit H Peasley Cross,St Helens Retail Park ,W/ton New Rd,St Helens,Merseyside,WA9 1JJ,NOT LIVE
Unit 8 Queens Retail Park,,,Stafford,,ST17 4SU,NOT LIVE
Unit 3,Kilwinning Road,North Ayrshire Retail Pk,Stevenston,Ayrshire,KA20 3AR,NOT LIVE
Unit 11B,Telford Forge Retail Park,,Telford,Shropshire,TF3 4AG,NOT LIVE
Unit 3, Junction 10 Retail Park,Auchinlea Way,,Glasgow,,G34 9JJ,NOT LIVE
Units 1-2,The Bridges Retail Park,,Whitehaven,Cumbria,CA28 7RQ,NOT LIVE
Unit 3 Marus Bridge,Worthington Way,Warrington Rd,Wigan,Lancashire,WN3 6XE,NOT LIVE
27 Rosemary Street,,,Belfast,,BT1 1QB,NOT LIVE
Unit 2B,Braidwater Retail Park,,Ballymena,County Antrim,BT42 3AG,NOT LIVE
175 Strand Road,,,Londonderry,,BT48 7PU,NOT LIVE
Unit 3,41-45 Merchants Quay,,Newry,,BT35 6AJ,NOT LIVE
Ards Shopping Centre,,,Newtonards,,BT23 4LH,NOT LIVE
Unit 1-2,Abbey Trading Estate,,Newtonabbey,,BT37 9UQ,NOT LIVE
Unit 1,Great Northern Retail Park,,Omagh,,BT38 5GZ,NOT LIVE
New Road,,,Callington,Cornwall,PL17 7BE,NOT LIVE
,Fife Central Retail Park,,Kirkcaldy,,KY26QL ,NOT LIVE
Unit 13,Victoria Shopping Centre,Thorton Rod,,Bradford,BD8 9BN,NOT LIVE
Unit 1A,Laharna Retail Park,,Larne,,BT40 1HR,NOT LIVE
Unit 3,Stockbridge Retail Park,Falkirk Road,Linlithgow,,EH49 7AS,NOT LIVE
London Road,Meadowbank Retail Park,,Edinburgh,,EH7 5TS,NOT LIVE
Unit 2,Hylton Riverside Retail Park,Timberbeach Road,Sunderland,,SR5 3XG,NOT LIVE
Unit 1,Riverside Retail Park,Wharf Street,Warrington,Cheshire,WA1 2GZ,NOT LIVE
Unit 6,Southend Airport Retail Park,,Southend on Sea,,SS2 6FW,NOT LIVE
St Davids Retail Park,Caernarfon Road,,Bangor,Wales,LL57 4TJ,NOT LIVE
Unit 6,Ravenside Retail Park,,Chesterfield,,S40 1TB,NOT LIVE
10 Perch Road,,,Canterbury,Kent,CT1 3TQ,NOT LIVE
Unit 10,St Martins Quarter,,Worcester,,WR1 2DA,NOT LIVE
Unit 4,Cables Retail Park,Steley Way,Prescot,Merseyside,L34 5NQ,NOT LIVE
Unit 3,Parliament Street Retail Park,Bulk Road,Lancaster,,LA1 1DT,NOT LIVE
Unit 1 Tollgate Retail Park,Stanway,,Colchester,,CO3 8RG,NOT LIVE
Unit 4A,Nene Valley Retail Park,,Northampton,Northampton,NN1 1ET,NOT LIVE
Whalebone Lane South,Chadwell Heath,,Dagenham,Greater London,RM8 1AZ,NOT LIVE
Unit 1,Argent Centre,Silverdale Road,Hayes,Middlesex,UB3 3BS,NOT LIVE
Westcroft Retail Park,22A Barnsdale Drive,,Milton Keynes,Buckinghamshire,MK4 4DD,NOT LIVE
Stonedale Retail Park,East Lancashire Road,,Liverpool,,L11 9DH,NOT LIVE
Victoria Street,,,Newark,Nottinghamshire,NG24 4UU,NOT LIVE
3 Academy Street,,,Forfar,Angus,DD8 2XF,NOT LIVE
Unit B,Killingbeck Retail Park,York Road,Leeds,West Yorkshire,LS14 6UF,NOT LIVE
Unit B,25 - 27 Market Street,,Magherafelt,Northern Ireland,BT45 6EE,NOT LIVE
Unit 8 Retail World,Team Valley Trading Estate,,Gateshead,Tyne and Wear,NE11 0BD,NOT LIVE
22 - 23 High Street,,,Watford,Hertfordshire,WD17 1EA,NOT LIVE
Unit 2B,East Kent Retail Park,Westwood Road,Broadstairs,Kent ,CT10 2RQ,NOT LIVE
Unit 3,Chippenham Retail Park,Bumpers Way,Chippenham,Wiltshire,SN14 6LH,NOT LIVE
Mereside Retail Park,Seamer Road,,Scarborough,North Yorkshire,YO12 4DH,NOT LIVE
Units 4 - 5,Abbeywood Retail Park,Station Road,Filton,Bristol,BS34 7JL,NOT LIVE
Units 1 - 2,Link Road,Wilton Street,Dewsbury,West Yorkshire,WF12 8AB,NOT LIVE
Danum Retail Park,York Road,,Doncaster,,DN5 8LZ,NOT LIVE
Old Mill Lane,,,Barnsley,South Yorkshire,S71 1LP,NOT LIVE
Unit 1,Parc-Y-Llyn Retail Park,,Aberystwyth,Wales,SY23 3TL,NOT LIVE
60-64 Cregagh Road,,,Belfast,Co. Antrim,BT6 9EQ,NOT LIVE
Unit B,The Market Centre,,Crewe,Cheshire,CW1 2NG,NOT LIVE
Derwent Howe Retail Park,Derwent Drive,,Workington,Cumbria,CA14 3YW,NOT LIVE
Unit 2B,Metro Retail Park,,Gateshead,Tyne & Wear,NE11 9XU,NOT LIVE
Unit D,Winterstoke Road,,Bristol,,BS3 2LF,NOT LIVE
2 Exchange Street,,,Macclesfield,Cheshire,SK11 6UZ,NOT LIVE
4 Bridge Lane,,,Penrith,Cumbria,CA11 8JB,NOT LIVE
Neatscourt Retail Park,Queensborough,,Isle of Sheppey,Kent,ME11 5JS,NOT LIVE
Unit 1A,Goodmayes Retail Park,High Road,Chadwell Heath,Greater London,RM6 4HX,NOT LIVE
Unit 2013A,Kennedy Way,Washdyke Lane,Immingham,North East Lincolnshire,DN40 2AB,NOT LIVE
Units 1 - 2,Droitwich Spa Retail Park,Kidderminster Road,Droitwich ,Worcestershire,WR9 9AY,NOT LIVE
593 - 613 Old Kent Road,,,Peckham,London,SE15 1LA,NOT LIVE
Belmont St,,,Skipton,N. Yorkshire,BD23 2AD,NOT LIVE
Barnfields Rd,,,Leek,Staffordshire,ST13 5QJ,NOT LIVE
Ferrie Grove,Brownhills,,Walsall,W.Midlands,WS8 6EB,NOT LIVE
Active Way,,,Burnley,Lancashire,BB11 1AL,NOT LIVE
Unit A,Whitwick Rd,Stephenson Way,Coalville,,LE67 3JN,NOT LIVE
Western Way Retail Park,Western Way,,Bury St Edmunds,Suffolk,IP33 3SP,NOT LIVE
Alloa Retail Park,Clackmannan Road,,Alloa,,FK10 1RW,NOT LIVE
Unit K, Parkway Centre,Hamsterley Way,,Coulby Newham,,TS8 0FA,NOT LIVE
Unit 2 Bathgate Retail Park,24D Whitburn Rd,,Bathgate,West Lothian,EH48 1HH,NOT LIVE
Otley Rd,Balldon Bridge,,Shipley,W.Yorkshire,BD17 7TY,NOT LIVE
Meynell Road,Off Whessoe Rd,,Darlington,County Durham,DL3 0XZ,NOT LIVE
120 - 122 Worting Road,Thorneycroft Industrial Estate,,Basingstoke,,RG21 8BJ,NOT LIVE
Unit 1, Robroyston Retail Park,49 Monument Drive,,Robroyston,Glasgow,G33 1AD,NOT LIVE
12 Woodneuk Road,(Off Nitshill Road),,Darnley,Glasgow,G53 7RT,NOT LIVE
Chapel Street,,,Belper,Derbyshire,DE56 1AR,NOT LIVE
Lancaster Retail Park,Brixton Way,,Shrewsbury,Shropshire,SY1 3AZ,NOT LIVE
5 Beehive Centre,Coldhams Lane,,Cambridge,,CB1 3ER,NOT LIVE
Great Eastern Retail Park,Park Gate,(Off Beale Way),Rotherham,,S62 6EJ,NOT LIVE
Reedswood Retail Park,Reedswood Way,,Walsall,West Midlands,WS2 8XA,NOT LIVE
Tower Road,,,Lowestoft,Suffolk,NR33 7NG,NOT LIVE
Speedfield Park,Newgate Lane,,Fareham,Hampshire,PO14 1TR,NOT LIVE
Bocholt Way,,,Rawtenstall,Lancashire,BB4 7NL,NOT LIVE
Unit 1,Phoenix Retail Park,Linwood Road,Paisley,Renfrewshire,PA1 2AB,NOT LIVE
Fairfield Road,,,Warminster,Wiltshire,BA12 9FE,NOT LIVE
Reading Retail Park,709-731 Oxford Road,,Reading,Berkshire,RG30 1PR,NOT LIVE
Cambridge Close,,,Aylesbury,Buckinghamshire,HP20 1DF,NOT LIVE
113 Glasgow Road,,,Maybury,Edinburgh,EH12 8LU,NOT LIVE
69 Renfrew Road,,,Paisley,Renfrewshire,PA3 4BX,NOT LIVE
Billing Brook Road,Weston Favell,,Northampton,Northants,NN3 8SE,NOT LIVE
Channons Hill Retail Park,,,Fishponds,Bristol,BS16 2EA,NOT LIVE
Pasteur Road,,,Great Yarmouth,Norfolk,NR31 0DW,NOT LIVE
Unit B,Routeco Retail Park,,Milton Keynes,Buckinghamshire,MK6 1BN,NOT LIVE
Units 6 - 7,Cuckoo Bridge Retail Park,,Dumfries,Scotland,DG2 9BF,NOT LIVE
Switch Island Leisure Park,Dunnings Bridge Road,,Bootle,Liverpool,L30 6TQ,NOT LIVE
Fosse Lane,,,Shepton Mallet,Somerset,BA4 4PS,NOT LIVE
Church Street,,,Cannock,Staffordshire,WS11 1DH,NOT LIVE
Unit 1,Kingsditch Retail Park,Tewkesbury,Cheltenham,Gloucestershire,GL51 9PX,NOT LIVE
Unit B,Interchange Retail Park,London Road,Ipswich,Suffolk,IP8 3TT,NOT LIVE
Units 60 - 70,Middlewood Road,,Hillsborough,Sheffield,S6 4HA,NOT LIVE
2nd Avenue,,,Letchworth,Hertfordshire,SG6 2UQ,NOT LIVE
Lloyds Road,,,Corby,Northamptonshire,NN17 1AP,NOT LIVE
Unit 1,Springfield Park,,Stoke-On-Trent,Staffordshire,ST4 6PD,NOT LIVE
Mile Cross Lane,,,Norwich,Norfolk,NR6 6RY,NOT LIVE
154 West Granton Road,,,Granton,Edinburgh,EH5 1PE,NOT LIVE
Beam Heathway,,,Nantwich,Cheshire,CW5 6PQ,NOT LIVE
Unit 2,Gloucester Retail Park,Eastern Avenue,Gloucester,Gloucestershire,GL4 3BY,NOT LIVE
Coney Avenue,,,Barnstaple,North Devon,EX32 8QJ,NOT LIVE
HEAD OFFICE,,,,,L24 8RJ,NOT LIVE
231 Vicarage Lane,,,Blackpool,,FY4 4NG,NOT LIVE
Unit 1A,Central Retail Park,Manchester Road,Bolton,Lancashire,BL2 1HQ,NOT LIVE
Kings Road,,,Bradford,,BD2 1EY,NOT LIVE
Unit 1A & 1B,Culverhouse Cross,Port Road,Cardiff,Cardiff,CF5 6XJ,NOT LIVE
Unit 2,Thorne Retail Park,Ogden Road,Doncaster,,DN2 4SG,NOT LIVE
Shay Syke,Stoney Road,,Halifax,West Yorkshire,HX1 2ND,NOT LIVE
Oslo Road,Sutton Fields,,Kingston Upon Hull,,HU7 0YN,NOT LIVE
Tritton Road,,,Lincoln,Lincolnshire,LN6 7AN,NOT LIVE
641 Hyde Road,Belle Vue,,Manchester,,M12 5PS,NOT LIVE
Hill Street,,,Oldham,,OL4 2AG,NOT LIVE
Ribbleton Lane,,,Preston,Lancashire,PR1 5LB,NOT LIVE
Ings Road,,,Wakefield,,WF1 1RN,NOT LIVE
Unit 1,Barnsley Retail Park,Wombwell Lane,Barnsley,,S70 3NS,NOT LIVE
39-41 The Green,Southwick,,Sunderland,,SR5 2HJ,NOT LIVE
Ascot Drive,,,Derby,,DE24 8GZ,NOT LIVE
Carlisle St,Ringway,,Preston,Lancashire,PR1 1DT,NOT LIVE
2 Inverkip Street,,,Greenock,Renfrewshire,PA15 1SR,NOT LIVE
Newton Retail Park,,,Nuneaton,Warwickshire,CV11 4FN,NOT LIVE
Unit 1,Salmon Retail Park,Holmer Road,Hereford,,HR4 9SA,NOT LIVE
Unit P,Gallagher Retail Park,Stoney Stanton Road,Coventry,,CV6 5QE,NOT LIVE
Unit 1,Belgrave Gate,Belgrave Road,Leicester,,LE4 6AR,NOT LIVE
155 Victoria Street South,,,Grimsby,South Humberside,DN31 1NH,NOT LIVE
Hathaway Retail Park ,,,Chippenham ,Wiltshire,SN15 1JG,NOT LIVE
CWMDU Industrial Estate,719 Carmarthen Road,,Swansea,,SA5 8JF,NOT LIVE
Units 2- 4 Deeside Retail Park,Chester Road East,,Queensferry,Deeside,CH5 1SA,NOT LIVE
Unit 7,Connswater Retail Park,,Connswater,Belfast,BT5 5DL,NOT LIVE
Unit A, Gateway Retail Park,Chadderton Way,,Chadderton,Oldham,OL9 6QR,NOT LIVE
Kingsway Retail Park,Clepington Road,,Dundee,,DD3 8RX,NOT LIVE
Unit B,Portrack Lane,,Stockton-on-Tees,,TS18 2PA,NOT LIVE
Units 4+5,St James Retail Park,Stamfordham Road,Newcastle Upon Tyne,,NE5 2SF,NOT LIVE
Unit 1,St Mungo’s Retail Park,,Cumbernauld,Glasgow,G67 1QR,NOT LIVE
Unit 1A-1B, Castle Retail Park,Radford Boulevard,,Nottingham,,NG7 5QJ,NOT LIVE
Utting Avenue,,,Walton,Liverpool,L4 9XU,NOT LIVE
Units M1 & M2,Cardiff Bay Retail Park,Ferry Road,Cardiff,South Wales,CF11 0JR,NOT LIVE
Unit 1 Stockwell Gate,,,Mansfield,,NG18 1LG,NOT LIVE
38A Wingate Road,,,Luton,,LU4 8PX,NOT LIVE
Kerse Road,,,Stirling,Scotland,FK7 7SG,NOT LIVE
Unit 2,Halbeath Retail Park,,Dunfermline,Fife,KY11 4LP,NOT LIVE
Unit 1,Trowbridge Retail Park,235 Bradley Road,Trowbridge,,BA14 0RQ,NOT LIVE
Birkenshaw Industrial Estate,Rannock Road,,Uddingston,Glasgow,G71 5PR,NOT LIVE
Unit 4,City South Retail Park,Tulip Street,Hunslet,Leeds,LS10 2BB,NOT LIVE
Unit 1,Alban Retail Park,London Rd,Bedford,,MK42 0NW,NOT LIVE
Speke Hall Road,,,Hunts Cross,Liverpool,L24 9WA,NOT LIVE
Unit F,Harwich Gateway Retail Park,Freshfields Road,Harwich,Essex,CO12 4EN,NOT LIVE
Unit 2,Bilston Road,,Wolverhampton,,WV2 2QB,NOT LIVE
Unit 3,Ochil View Court,Whistleberry Road,Blantyre,Lanarkshire,G72 0TH,NOT LIVE
Whitworth Road,,,Rochdale,Greater Manchester,OL12 0EU,NOT LIVE
Tamar View Industrial Estate,Edgecombe Road,,Saltash,Cornwall,PL12 6LD,NOT LIVE
Unit 2B,Lakeside Retail Park,,Thurrock,Essex,RM20 1WN,NOT LIVE
Unit B,St Nicholas Gate Retail Park,London Road,Carlisle,Cumbria,CA1 2EA,NOT LIVE
Unit 1,Kettering Retail Park,Carina Road,Kettering,Northamptonshire,NN15 6YA,NOT LIVE
Albion Street,,,Castleford,West Yorkshire,WF10 1QX,NOT LIVE
Unit 7,Forge Retail Park,11 Biggar Street,Parkhead Forge,Glasgow,G31 4BH,NOT LIVE
Altrincham Retail Park,George Richards Way,Broadheath,Altrincham,Cheshire,WA14 5GR,NOT LIVE
Lysander Road,,,Yeovil,Somerset,BA20 2AU,NOT LIVE
118 - 130 London Road,Amesbury,,Salisbury,Wiltshire,SP4 7EQ,NOT LIVE
Unit 4,Waterglade Retail Park,Old Road,Clacton,Essex,CO15 1HX,NOT LIVE
Crossing Cottage,George Westwood Way,,Beccles,Suffolk,NR34 9EJ,NOT LIVE
Units 16 - 17,Drakehouse Retail Park,,Sheffield,,S20 7JJ,NOT LIVE
London Road,Penhros,,Holyhead,Anglesey,LL65 2TJ,NOT LIVE
Unit 1,Wallingford Road Retail Park,,Didcot,Oxfordshire,OX11 9DA,NOT LIVE
Fairacres Retail Park,Marcham Road,,Abingdon,,OX14 1BY,NOT LIVE
Units 1 - 3,6 Marshwood Close,,Canterbury,Kent,CT1 1DX,NOT LIVE
Abbey Retail Park,,,Redditch,Worcestershire,B97 6RF,NOT LIVE
Stockport Road,Cheadle Heath,,Stockport ,Cheshire,SK3 0TQ,NOT LIVE
Delves Lane,,,Consett,County Durham,DH8 7ES,NOT LIVE
Units 1 - 2,Dowlais Top Retail Park,,Merthyr Tydfil,Glamorgan,CF48 2TA,NOT LIVE
Castle Vale Retail Park,,,Erdington,Birmingham,B35 6HB,NOT LIVE
Meadow Street Retail Park,,,Falkirk,,FK1 1RP,NOT LIVE
Unit 5B,Kittybrewster Retail Park,Bedford Road,Aberdeen,,AB24 3LJ,NOT LIVE
Tudor Road,,,Cwmbran,Monmouthshire,NP44 3PH,NOT LIVE
Ansty Road,Walsgrave,,Coventry,West Midlands,CV2 3BQ,NOT LIVE
Unit 3 Oaklands Industrial Estate,London Road,,Stevenage,Hertfordshire,SG1 1XW,NOT LIVE
Southbourne Road,,,St Austell,Cornwall,PL25 4RU,NOT LIVE
Unit 1,The Bubble Retail Park,Plymouth Road,Liskeard,Cornwall,PL14 3WQ,NOT LIVE
Unit 3,Centaurus Road,Cribbs Causeway,Patchway,Bristol,BS34 5TS,NOT LIVE
867 - 869 High Road,,,Tottenham,London,N17 8EY,NOT LIVE
Unit 2,Willow Tree Lane Retail Park,Glencoe Road,Yeading,Middlesex,UB4 9SN,NOT LIVE
Units 1-3 Whitworth Way,Victoria Park,,Wellingborough,Northamptonshire,NN8 2EF,NOT LIVE
42 Luton Road,,Dunstable,Bedford,Bedfordshire,LU5 4JN,NOT LIVE
Hyndburn Road,,,Accrington,Lancashire,BB5 4AH,NOT LIVE
Paddington Drive,Churchward,,Swindon,Wiltshire,SN5 7YW,NOT LIVE
Walmley Ash Road,,,Minworth,Birmingham,B76 1FG,NOT LIVE
Unit 3,Alban Retail Park,Grantham Road,Boston,,PE21 7NN,NOT LIVE
Chester Retail Park,5B Old Seals Way,,Chester,Cheshire,CH1 4RY,NOT LIVE
Coppice Lane,Walsall Wood,,Walsall,,WS9 9AA,NOT LIVE
Unit 1,Avon Industrial Estate,Birmingham Road,Stratford-upon-Avon,Warwickshire,CV37 0HZ,NOT LIVE
Corner House Park,Hindpool Road,,Barrow In Furness,Cumbria,LA14 2NE,NOT LIVE
Pool Industrial Estate,Station Road,,Redruth,Cornwall,TR15 3QJ,NOT LIVE
Old Tiffield Road,,,Towcester,Northamptonshire,NN12 6PF,NOT LIVE
Willerby Shopping Centre,Beverly Road,Willerby,Kingston Upon Hull,South Humberside,HU10 6XA,NOT LIVE
Unit 1A,Springfield Retail Park,20 Edgar Road,Elgin,Morayshire,IV30 6WQ,NOT LIVE
Lowman Way,,,Tiverton,Devon,EX16 6SR,NOT LIVE
Telford Retail Park,Telford Street,,Inverness,,IV3 5LE,NOT LIVE
19 Glasgow Road,,,Dumbarton,Strathclyde,G82 1RB,NOT LIVE
Unit 5,Braidfute Retail Park,Hyndford Road,Lanark,,ML11 7LQ,NOT LIVE
Willowbeck Road,,,Northallerton,North Yorkshire,DL7 8DL,NOT LIVE
Tebay Retail Park,Tebay Road,,Birkenhead,Merseyside,CH62 3AB,NOT LIVE
444 Leytonstone High Road,,,Leytonstone,London,E11 3HR,NOT LIVE
Edge Lane,,,Liverpool,,L13 1AA,NOT LIVE
Honeywood Retail Park,Honeywood Parkway,White Cliffs Business Park,Whitefield,Dover,CT16 3PS,NOT LIVE
Church View,,,Doncaster,,DN1 1RE,NOT LIVE
Kingsway East,Milton of Craigie Road,,Dundee,,DD4 7XE,NOT LIVE
Newcraighall Road,,Fort Kinnaird,Edinburgh,,EH15 3HS,NOT LIVE
Parkway,,,Chelmsford,Essex,CM2 7PX,NOT LIVE
Unit 1,Bridge Retail Park,Thomas Jones Way,Runcorn,Cheshire,WA7 5AQ,NOT LIVE
Unit 2,Victoria Retail Park,Netherfield,Nottingham,,NG4 2PE,NOT LIVE
Unit 7A,Imperial Retail Park,Hartcliffe Way,Bristol,,BS13 7TJ,NOT LIVE
Mannings Heath Retail Park,,Yarrow Road,Poole,Dorset,BH12 4QY,NOT LIVE
Unit 1, Sothern Cross Trading Estate,Oldlands Way,,Bognor Regis,,PO22 9SA,NOT LIVE
Fitzherbert Road,Farlington,,Portsmouth,,PO6 1RR,NOT LIVE
Holderness Road,,,Hull,,HU8 8SR,NOT LIVE
Unit 3A, County Oak Retail Park,London Road,,Crawley,,RH11 7XN,NOT LIVE
Penda Retail Park,Salop Road,,Oswestry,,SY11 2RL,NOT LIVE
Manchester Road Retail Park,Manchester Road,,Hyde,,SK14 2BD,NOT LIVE
The Peel Centre,Hyndburn,,Blackburn,,BB1 3HT,NOT LIVE
Unit 1 Gough Road,Catterick Garrison,,Catterick,,DL9 3EL,NOT LIVE
Nottingham Road,Somercotes,,Alfreton,Derbyshire,DE55 4JJ,NOT LIVE
Megaloughton Lane,Spondon,,Derby,Derbyshire,DE21 7BR,NOT LIVE
Crostons Retail Park,Wood Street,,Bury,,BL8 1AG,NOT LIVE
Vicarage Field Shopping Centre,Ripple Road,,Barking,,IG11 8DQ,NOT LIVE
Baums Lane,,,Mansfield,Notts,NG18 2RA,NOT LIVE
Mostyn Champney Retail Park,,,Llandudno,Gwynedd,LL30 1RY,NOT LIVE
428A Victoria Road,,,South Ruislip,Hertfordshire,HA4 0XL,NOT LIVE
Wilfred Street,(Off Whites Croft),,Swinton,,M27 6LV,NOT LIVE
Freeman Way,,,Ashington,Northumberland,NE63 0YB,NOT LIVE
417 Montrose Avenue,,,Slough,Berkshire,SL1 4XP,NOT LIVE
Riverside Drive,,,Neath,,SA11 1RX,NOT LIVE
Broadway,,,Bridgewater,Somerset,TA6 3LN,NOT LIVE
Ryhope Road,,,Sunderland,Tyne&Wear,SR2 9TH,NOT LIVE
Kingsway ,,,Burnage,Manchester,M19 1BB,NOT LIVE
London Road,,,Pembroke Dock,Dyfed,SA72 6TX,NOT LIVE
2-4 New Road,,,Gravesend,Kent,DA11 0AA,NOT LIVE
Longrock Bypass,Longrock,,Penzance,Cornwall,TR18 3AR,NOT LIVE
Brunswick Construction Site,,,Ebbw Vale,Gwent,NP23 5YD,NOT LIVE
Units 47-51,Eastgate Shopping Centre,,Ipswich,East Anglia,IP4 1HB,NOT LIVE
Middleton Grange Shopping Centre,Park Road,,Hartlepool,,TS24 7RN,NOT LIVE
Snipe Retail Park,Snipe Way,,Ashton-under-Lyne,,OL7 0DN,NOT LIVE
Bridge Street,,,Peterborough,,PE1 1DH,NOT LIVE
Teesbay Retail Park,Brenda Road,,Hartlepool,,TS25 1XH,NOT LIVE
Worcester Road,,,Evesham,Worcs,WR11 4XF,NOT LIVE
1B Euro Business Park,Rockingham Road,,Market Harborough,Leics,LE16 7QF,NOT LIVE
Horninglow Street,,,Burton On Trent,,DE14 1NG,NOT LIVE
Anglia Retail Park,Bury Road,,Ipswich,,1P1 5QP,NOT LIVE
Unit 1, Quora Retail Park,,Delves Court, Thorne,,Doncaster,,DN8 5UG,NOT LIVE
Baglan Bay Retail Park,Christchurch Road, Baglan,,Port Talbot,,SA12 7BZ,NOT LIVE
Unit 3, Kingsmead Retail Park,,,Stafford,,ST16 3AE,NOT LIVE
Unit A, Transit Way Retail Park,Off Crownhill Road,,Honicknowle,Plymouth,PL5 3TW,NOT LIVE
Park Farm Retail Park,Churchill Avenue,,Folkestone,,CT19 5GA,NOT LIVE
Unit 6, New District Centre,Great Homer Street,,Liverpool,,L5 3LQ,NOT LIVE
Unit 2, Cross Hands Retail Park,Cross Hands,,Llanelli,,SA14 6NB,NOT LIVE
28 East Retail Park,,,Newport,,NP20 2NN,NOT LIVE
Burgh Road Retail Park,,,Skegness,,PE25 2RT,NOT LIVE
Unit 4 ,Foss Islands Retail Park ,,York ,,Y031 7UL ,NOT LIVE
70 Westlode Street ,,,Spalding,Lincolnshire,PE11 2AA,NOT LIVE
Unit 1,Wick Retail Park,,Wick,,KW1 5NU,NOT LIVE
Comet Way,,,Hatfield,Hertfordshire,AL9 5JP,NOT LIVE
Durham Road,Birtley,,Chester-Le-Street,,DH3 2PF,NOT LIVE
Townend Road,Clayton,,Bradford,,BD14 6BP,NOT LIVE
Unit 2,Cannon Lane Retail Park,,Tonbridge,Kent,TN9 1PQ,NOT LIVE
Nightingale Road,,,Hitchin,,SG5 1RL,NOT LIVE
54-60 High Street,,,Stone,,ST15 8AU,NOT LIVE
Trunk Road,,Eston,Middlesbrough,,TS6 9QH,NOT LIVE
76 Curzon Street,,,Maryport,Cumbria,CA15 6DA,NOT LIVE
Unit One,The Merry Hill Centre,Brierley Hill,Dudley,,DY5 1SY,NOT LIVE
Unit 2,Speke Retail Park,Speke,Liverpool,,L24 2WZ,NOT LIVE
762 Harrogate Road,,,Bradford,,BD10 0QF,NOT LIVE
66-68 High Street,,,Weston Super Mare,,BS23 1HS,NOT LIVE
Unit 3A,Luton Retail Park,,Luton,,LU1 3JH,NOT LIVE
Kingsway Retail Park,Wallhead Road,,Rochdale,,OL16 5AF,NOT LIVE
Unit 5,South Lakeland Retail Park,Queen Katherines Avenue,Kendal,,LA9 6DU,NOT LIVE
Merrielands Retail Park,Merrielands Crescent,,Dagenham,,RM9 6SR,NOT LIVE
Unit 14-16, Kemble Square,Haymarket Shopping Centre,,Leicester,,LE1 3YH,NOT LIVE
Market Street,,Hoyland,Barnsley,,S74 9QR,NOT LIVE
Unit 4,Grovebury Retail Park,Grovebury Road,Leighton Buzzard,,LU7 4EG,NOT LIVE
Unit 6/7,Clifton Moor Retail Park,Stirling Road,York,,YO30  4XZ,NOT LIVE
Unit 1,Canvey Retail Park,Roscommon Way,Canvey Island,,SS8 0EJ,NOT LIVE
Units C1 & C2,Bury Road,Breightmet,Bolton,,BL2 6NY,NOT LIVE
Hams Road,,,Lydney,Gloucestershire,GL15 5PE,NOT LIVE
Former The original factory shop,Lindleys Lane ,Station Road ,Kirkby-in-Ashfield,Nottingham,NG17 8AB,NOT LIVE
Former Homebase,Keighley Road,,Bingley,,BD16 2EG,NOT LIVE
45 Castle Lane,,45 Castle Lane ,Lurgan,Craigavon,BT67  9BD ,NOT LIVE
Unit 3 Almondvale Centre,Almondvale South,,Livingston,,EH54 6NB,NOT LIVE
Halifax Road,,,Todmorden,,OL14 5QR,NOT LIVE
8 The Guineas,The Rookery,,Newmarket,Suffolk,CB8 8EG,NOT LIVE
County Mall,,,Crawley,,RH10 1FP,NOT LIVE
Unit G,Leeds Road Retail Park,,Huddersfield,,HD1 6PF,NOT LIVE
Riverfield Drive,,Goldington,Bedford,,MK41 0UA,NOT LIVE
,Wolstanton Retail Park,,Newcastle-Under-Lyme,,ST5 0AU,NOT LIVE
26 Dale Street,,,Ossett,West Yorkshire,WF5 9BT,NOT LIVE
Unit 1,Deacon Road,,Lincoln,,LN2 4QF,NOT LIVE
Stainsacre Lane,,,Whitby,North Yorkshire,YO22 4NL,NOT LIVE
Unit 3,Junction 1 Retail Park,,Leeds,,LS11 0BD,NOT LIVE
Kingston Park,102 Brunton Lane,,Newcastle-upon-Tyne,,NE3 2EZ,NOT LIVE
Unit A,Breckland Retail Park,London Road,Thetford,Norfolk,IP24 3RY,NOT LIVE
Old Mill Road,,,Sandbach,Cheshire,CW11 4BD,NOT LIVE
Beaufort Park,,Thornwell,Chepstow,,NP16 5TY,NOT LIVE
Retail Park 4,Bloomfield Shopping Centre,,Bangor,,BT19 7HB,NOT LIVE
1 Dawson Street,,,Heywood,,OL10 4ND,NOT LIVE
Trenery Way Castle,Cattle Market Road,,Northampton,,NN1 1HL,NOT LIVE
Unit 3,Savins Mill way,Kirkstall,Leeds,,LS5 3RP,NOT LIVE
18 Brand Street,,,Hitchin,Hertfordshire,SG5 1JE,NOT LIVE
28 Biggin Street,,,Dover,Kent,CT16 1BX,NOT LIVE
Units B & C ,Imperial Retail Park,,Lichfield ,,WS13 6UB ,NOT LIVE
Unit 5, Bath Road,Brislington Retail Park,,Bristol,,BS4 5NG,NOT LIVE
Dudley Street,Mander Centre,,Wolverhampton,,WV1 3NB,NOT LIVE
Unit 3, High Street,North End Park,,Cowdenbeath,,KY4 9QA,NOT LIVE
Unit 3A, ,Ocean Park,Burrfield Road,Portsmouth,,PO3 5NP,NOT LIVE
Units 1 & 2,Newhall Walk Retail Park,,Sutton Coldfield,,B72 1RX,NOT LIVE
,Brecon Enterprise Park,Warren Road,Brecon,,LD3 8BT,NOT LIVE
2 Smithy Road,,Ashby Gateway,Ashby De La Zouch,,LE65 1GW,NOT LIVE
Ashbourn Way,,Llanishen,,Cardiff,CF14 5EB,NOT LIVE
Units H & I,Stechford Retail Park,,Birmingham,,B33 9AN,NOT LIVE
Unit 1,Norththumberland Retail Park,,,Shiremoor,NE27 0BW,NOT LIVE
31 Cornwall Street,,,,Plymouth,PL1 1NW,NOT LIVE
,Central Retail Park,Havant,,,PO9 1HH,NOT LIVE
The Links Shopping Centre,High Street,,Prestonpans,,EH32 9AF,NOT LIVE
Crown Street Retail Park,61 Gushetfaulds Place,,Glasgow,,G5 0DP,NOT LIVE
Spennels Valley Road,,,Kidderminster,,DY10  1XS,NOT LIVE
16 Market Place,,Bolsover,Chesterfield,,S44 6PH,NOT LIVE
Unit A1/A2,North Trading Estate,Longfield Road,Royal Tunbridge Wells,,TN2 3UR,NOT LIVE
Unit 2,Sprucefield Retail Park,Lisburn,,Northern Ireland,BT27 5UJ,NOT LIVE
29-39 High Street,,Golborne,,Wigan,WA3 3AX,NOT LIVE
Unit 1A Durham Retal Park,Sunderland Road,,,Durham,DH1 2RP,NOT LIVE
Clyde Shopping Centre,104-106 Sylvania Way,,Clydebank,,G81 2UA,NOT LIVE
Unit 4,Stone Lane Retail Park,Marsh Barton Road,Marsh Barton Trading Estate,Exeter,EX2 8LH,NOT LIVE
Parkhouse Road,,,Kingstown,Carlisle,CA3 0JR,NOT LIVE
Clovelly Road,,,,Bideford,EX39 3QU,NOT LIVE
Unit 14 & 15,Faraday Retail Park,Coatbank Street,Coatbridge,,ML5 3SQ,NOT LIVE
,Wilmington Drive,,Lakeside,Doncaster,DN4 5JH,NOT LIVE
Unit 1,Peel Centre,Peel Retail Park,,Washington,NE37 2PA,NOT LIVE
Enham Arch Retail Park,Newbury Road,Andover,,,SP10 4DU,NOT LIVE
Kidbrooke Park Road,,,London,,SE3 9PP,NOT LIVE
Chester Road,,Mold,,Flintshire,CH7 1UE,NOT LIVE
Units 2-5,Marina Quay,Wellington Road,Rhyl,,LL18 1LQ,NOT LIVE
MSU1,Clayton Square Shopping Centre,,,Liverpool,L1 1QR,NOT LIVE
Unit 1,Deane Park Retail Park,Hankridge Way,Taunton,Somerset,TA1 2LR,NOT LIVE
Kingsway Business Park,,Quedgeley,Gloucester,,GL2 8SN,NOT LIVE
21 Leicester Street,,Northwich,,,CW9 5LA,NOT LIVE
Unit 3,Great Bridge Retail Park,,West Bromwich,,B70 0EN,NOT LIVE
Prospect centre,46 Prospect Street,Hull,,,HU2 8PW,NOT LIVE
Unit 4,5 Neatmarket,Norwich,,,NR4 6EG,NOT LIVE
Central Lane Mallard Road,,Bournemouth,,Bournemouth,BH8 9PE,NOT LIVE
Unit 4,Water Front Retail Park,Heol Ceiniog,Barry,,CF63 4BA,NOT LIVE
Unit B,Kingsgate,James Street,Dunfermline,Fife,KY12 7QU,NOT LIVE
Tyneview Retail Park,Prudhoe,,Northumberland,,NE42 6BU,NOT LIVE
Bakeridge Mill,Mayman Lane,,Batley,,WF17 8FU,NOT LIVE
Unit 10,Kingsgate Retail Park,East Kilbride,,,G74 4UN,NOT LIVE
6 Kentigern Mall,,Penicuik,Midlothian,,EH26 8LE,NOT LIVE
Unit F,Middlehaven Gateway,,Middlesbrough,,TS3 6RS,NOT LIVE
Unit 2,The Avenue Retail Park,Newport Road,Cardiff,,CF23 9FF,NOT LIVE
Unit A,Berry Hill Trading Estate,Victoria Road,Stoke on Trent,,ST4 2NG,NOT LIVE
Helen Street,,,Glasgow,,GS51 3HR,NOT LIVE
Unit 1,Pallion Retail Park,Woodbine Terrace,Sunderland,,SR4 6TZ,NOT LIVE
21 new Street,,,Huddersfield,,HD1 2AZ,NOT LIVE
Auckland Road,,Millbrook,Southampton,,SO15 0SD,NOT LIVE
Unit 1A,Wesley Square,,Goole,,DN14 5EZ,NOT LIVE
Units 1, 2 & 3,Colton Retail Park,Selby Road,Leeds,,LS15 9JB,NOT LIVE
9 - 10 High Street,High Wycombe,,Bucks,,HP11 2AZ,NOT LIVE
Unit 1 Richmond Retail Park,Tyldsley Road,Atherton,,,M46 9AT,NOT LIVE
Unit 1,Livingstone Street,,Clydebank,,G81 2QT,NOT LIVE
Industrial Estate Road,,,Llangefni,,LL77 7JA,NOT LIVE
Unit 4,Wallop Drive,Kempshott,Basingstoke,,RG22 4TW,NOT LIVE
Mariners Way,Ashton in Ribble,,Preston,,PR2 2YN,NOT LIVE
St Catherines Retail Park,Old Market Place,Perth,Scotland,,PH1 5XD,NOT LIVE
Dorothy Flude Retail Park,Lockitt Street,Crewe,,,CW2 7AZ,NOT LIVE
Unit E&F, Flintshire Retail Park,Holywell Road,Flint,,,CH6 5GB,NOT LIVE
Unit A1, Western Avenue Retail Park,,Cardiff,,,CF14 3AT,NOT LIVE
Unit 3B, Bentley Bridge Retail Park,,Wolverhampton,,,WV11 1BP,NOT LIVE
4 King George Avenue,Newbury Park,Ilford,,,IG2 7SH,NOT LIVE
Unit 1B Hedge End Retail Park,Tollbar Way,,,Southampton,SO30 2UH,NOT LIVE
High Street,,Portadown,,Craigavon,BT62 1HX,NOT LIVE
Unit 3 & 4, Damolly Retail Park,Armagh Road,Newry,,Northen Ireland,BT35 6PR,NOT LIVE
Units 2 + 3,Bridge Meadow Retail Park,,,Haverfordwest,SA61 2EX,NOT LIVE
C - Ashby Retail Park,Lakeside PKWY,,,Scunthorpe,DN16 3UA,NOT LIVE
Broich Road,Crieff,Perthshire,,Scotland,PH7 3SE,NOT LIVE
1 Midland Rd,,,,Bedford,MK40 1PL,NOT LIVE
Unit 2,,,Northampton,,NN5 5DE,NOT LIVE
Holyoake Avenue,,Bispham,Blackpool,,FY2 0BQ,NOT LIVE
Unit 2, Hilderthorpe Road,,Bridlington,,,YO15 3HA,NOT LIVE
Unit 12,Byron Place Shopping Centre,,,Seaham,SR7 7HN,NOT LIVE
25 Raw Dykes Road,,,Leicester,,LE2 7JU,NOT LIVE
Princess Road,,,Dartford,,DA1 1LA,NOT LIVE
Tawd Valley Retail & Leisure Park,,,Skelmersdale,,WN8 6HX,NOT LIVE
Unit 2,Birchley Retail Park,Wolverhampton Road,Oldbury,,B69 4RJ,NOT LIVE
Units 3 & 4,Border Retail Park,,,Wrexham,LL13 8NG,NOT LIVE
Unit 1,Carlton St,,,Scunthorpe,DN15 6UD,NOT LIVE
Unit 1,South Road Retail Park,South Road,Cupar,Fife,KY15 5FA,NOT LIVE
16 Greendykes Road,Broxburn,,,West Lothian,EH52 5BS,NOT LIVE
Festival Park,Hanley,,,Stoke-On-Trent,ST1 5SJ,NOT LIVE
Unit 3 Colindale Retail Park,Edgeware Road,,,London,NW9 6TH,NOT LIVE
Unit B,Seamer Road,,Scarborough,,YO12 4HE,NOT LIVE
Unit 1,Springkerse Retail Park,Stirling,,,FK7 7TL,NOT LIVE
Retail Warehouse,High Road,Hazelmere,Pitsea,,SS13 3JY,NOT LIVE
Unit 4,Borehamwood Shopping Park,Theobald Stree,Borehamwood,,WD6 4PR,NOT LIVE
Turner Rise Retail Park,Colchester,,,,CO4 5TU,NOT LIVE
Newton Road,Ramsey,Huntingdon,Cambridgeshire,,PE26 1EJ,NOT LIVE
Town Square,High St,Syston,Leicester,,LE7 1GZ,NOT LIVE
Units 2-4,Castle Marina Retail Park,,Nottingham,,NG7 1GX,NOT LIVE
Unit 4, Capital Retail Park,Leckwith Road,,Cardiff,,CF11 8AZ,NOT LIVE
Unit 3, Savacentre,Bath Road,Calcot,Reading,,RG31 7SA,NOT LIVE
Flemington Road,,Glenrothes,,,KY7 5QF,NOT LIVE
Northgate Retail Park,Northgate,Newark,,,NG24 1GA,NOT LIVE
Unit 18 & 19,Cavendish Walk,Huyton,Liverpool,,L36 9YG,NOT LIVE
Unit A,Hilmore Way,,Morecambe,,LA4 4DD,NOT LIVE
Unit 3A - 3B,The Queensgate Centre,Edinburgh Way,Harlow,,CM20 2DA,NOT LIVE
5 Station Road,Arnos Grove,New Southgate,London,,N11 1QJ,NOT LIVE
unit 2G,Solihull Retail Park,Shirley,Solihull,,B90 4LD,NOT LIVE
Unit B,Ocotal Way,County Road,Swindon,,SN1 2EQ,NOT LIVE
6 Souter Way,,,Weymouth,,DT3 5FU,NOT LIVE
Unit 3,Barracks Mill Retail Park, Silk Road,Black Lane,Macclesfield,,SK10 2AY,NOT LIVE
Unit 3-5,Glencairn Retail Park,Low Glencairn Street,Kilmarnock,,KA1 4AY,NOT LIVE
Unit B,Ninian Way,,Tamworth,,B77 5DL,NOT LIVE
Unit 7,24 Boucher Road,,Belfast,,BT12 6HR,NOT LIVE
Unit 4,North Lincolnshire Shopping Park,Doncaster Road,Scunthorpe,,DN15 8JH,NOT LIVE
,139 - 139A High Street,Stockton On Tees,,,TS18 1LW,NOT LIVE
Unit 8,Cortonwood Shopping Centre,,Barnsley,,S73 0TB,NOT LIVE
Widnes Trade Park,Widnes Waterfront,Earle Road,Widnes,,WA8 0GU,NOT LIVE
3 Corsemill Place,,Barrhead,Glasgow,,G78 1FQ,NOT LIVE
Longmoor Lane,Fazakerley,,Liverpool,,L9 9HS,NOT LIVE
Golf Road,,,Mablethorpe,,LN12 1FB,NOT LIVE
Rose Liln Lane Units 3A & 3B,Brunel Shopping Centre,,Reading,,RG2 0HS,NOT LIVE
Units 1 & 2,Central 12 Retail Park,Derby Road,Southport,,PR9 0TQ,NOT LIVE
The fort Shopping Park ,,,Birmingham ,,B24 9FP,NOT LIVE
West Retail Park,Cadle,Fforest-Fach,Swansea,,SA5 4BA,NOT LIVE
Unit 8A, B & C,Trostre Retail Park,Trostre Road,Llanelli,,SA14 9UY,NOT LIVE
Princess Way,,,Camberley,,GU15 3SP,NOT LIVE
Monks Cross Shopping Park ,Monks Cross Drive ,Huntington,York,,YO32 9GX,NOT LIVE
Teeside Shopping Park,,,Stockton on Tees,,TS17 7BS,NOT LIVE
Unit 4, East Road Retail Park,92B East Road,,Irvine,,KA12 0AA,NOT LIVE
Unit 7 Sovereign Harbour Retail Park ,,Eastbourne ,,,BN23 6JH,NOT LIVE
166A Southampton Road,,Titchfield ,Fareham ,,PO14 4QL,NOT LIVE
121A London Road ,,,Newbury ,,RG14 2BX,NOT LIVE
,39 Loire Drive,Robin Park Road,Wigan,,WN5 0UH,NOT LIVE
Fenland Way,,,Chatteris ,,PE16 6RT,NOT LIVE
Unit 1 & 2,25 Hawley Road,Hinckley,,,LE10 0PR,NOT LIVE
Manor Walks Shopping Centre ,,,Cramlington ,Northhumberland ,NE23 6YD,NOT LIVE
Unit 2,New Cross Gate Retail Park,263 New Cross Road,London,,SE14 5UQ,NOT LIVE
Belton Road,,Belton Rd,Loughborough,,LE11 1LW,NOT LIVE
Unit 2 ,Northwich Retail Park ,,,Northwich,CW9 5LY,NOT LIVE
Madoc Street ,,Porthmadog,Porthmadog,,LL49 9DD,NOT LIVE
64-67 High Street,Stourbridge ,Stoubridge,Stoubridge,,DY8 1DX,NOT LIVE
Unit6,Marsh Mills Retail Park,Lonbridge Road,Plymouth,,PL6 8LX,NOT LIVE
Southam Road,,,Banbury,,OX16 2AD,NOT LIVE
2-6 Front Street,,Arnold,Nottingham,,NG5 7EL,NOT LIVE
32-36 St Andrews Street ,Midlenhall ,Bury Saint Edmunds ,,,IP28 7HB,NOT LIVE
Cannon Retail Park ,6 Twin Thumps Way ,London ,,,SE28 8RD ,NOT LIVE
Park Farm Shopping Centre,Park Farm Drive,Allestree,Derby,,DE22 2QN,NOT LIVE
Unit 65-68, Wellington Square,The Galleries,Washington Town Centre,Washington,,NE38 7RU,NOT LIVE
MSU2, St.George's Shopping Centre,St.Anns Road,Harrow,Harrow,,HA1 1HS,NOT LIVE
Unit 2B One Stop Shopping Park ,Walsall Road ,Perry Barr ,Birmingham ,,B42 1AA,NOT LIVE
Unit 83C,Chelmsley Wood Shopping Centre,Solihull,Birmingham,,B37 5UH,NOT LIVE
Unit 12,The Arcade,Leicester Road,Wigston,Leicester,,LE18 1NZ,NOT LIVE
Units 9 & 10,Spindles Shopping Centre,,Oldham,,OL1 1HD,NOT LIVE
Unit 11,Cathedral Lanes Shopping Centre,Broadgate,Coventry,,CV1 1LL,NOT LIVE
7 Mill Green Way ,Clowne ,Chesterfield ,Chesterfield,,S43 4JH,NOT LIVE
74-76 Cotton Street ,Castle Douglas ,Dumfries & Galloway ,,,DG7 1AN ,NOT LIVE
The Balmoral Centre ,Westborough ,Scarborough ,,,YO11 1LU,NOT LIVE
Unit 1-8,Guildbourne Centre ,Worthing ,,,BN11 1LZ,NOT LIVE
Unit E ,Atria Watford Shopping Centre,,Watford ,,WD17 2UB,NOT LIVE
Borne Mall,Beaumont Leys Shopping Centre ,Beaumont Leys ,Leicester ,,L44 1DH,NOT LIVE
78-80 High Street,,Epsom,Town Centre,,KT19 8BA,NOT LIVE
17 Rainham Shopping Centre,Rainham,Gllingham,High Streeet,,ME8 7HW,NOT LIVE
Unit 6 ,Market Place Shopping Centre ,Burgess Hill ,,,RH15 9NP,NOT LIVE
697 Station Road,,Kenilworth,697 Station Road,,CV8 1JD,NOT LIVE
St Germain,Nursery Road,Huntington,St Germain Walk,,PE29 3FG,NOT LIVE
7 The Cloisters,Market Street,Ely,Ely,,CB7 4ZH,NOT LIVE
Unit 5 & 6 ,Abbey Walk Retail Park ,Selby,,,YO8 4DZ,NOT LIVE
The Mall,56 King William Street ,Blackburn ,,,BB1 7DP,NOT LIVE
9 Cibi Walk ,Frogmore Street ,Abergavenny ,,,NP 5AJ,NOT LIVE
Unit 10,Maidstone,The Mall,,,ME15 6AT,NOT LIVE
Maesteg,22 Llynfi Road,Bridgend,,,CF34 9DS,NOT LIVE
Unit 2 Store 3 ,Machester Arndale,Halle Square ,Manchester,,M4 3AQ,NOT LIVE
134-142 High street,Gillingham,Kent,,,ME7 1AS,NOT LIVE
Slingfield Mill ,Weavers Wharf ,Kidderminster ,,,DY10 1AA ,NOT LIVE
4 North Point Shopping Centre ,Goodhard Road ,Bransholm ,Hull ,,HU7 4EE,NOT LIVE
Edith Walk ,Great Malvern ,Malvern ,,,WR14 2HH ,NOT LIVE
High Street,Wood Green Shopping City ,London ,,,N22 6YD,NOT LIVE
2 Westgate St,Former Wilko,Oakham,,,LE15 6BH,NOT LIVE
Unit B ,Marlowes Shopping Centre ,Hemel Hempstead ,,,HP1 1DY ,NOT LIVE
Bexleyheath,Former Wilko,Bexleyheath,74 Broadway,,DA6 7DF,NOT LIVE
36/48 Main Street,Bulwell,Main Street,Nottingham,,NG6 8EW,NOT LIVE
The Forest Community ,Forest Road ,Bordon ,,,GU35 0BJ,NOT LIVE
12 Kings Chase Shopping Centre,Regen St,Kingswood,Bristol,,BS15 8LP,NOT LIVE
Unit 11 & 12 ,Marshalls Yard ,Gainsborough ,,,DN21 2NA,NOT LIVE
Bloxwich ,Unit 2 Market Place ,Bloxwich ,Walsall ,,WS3 2JH,NOT LIVE
Market Street,Wellington ,Telford ,,,TF1 1DT ,NOT LIVE
Unit 46-49 ,Crystal Peaks ,Sheffield ,,,S20 7PN,NOT LIVE
54-58 London Road ,,,Derby ,,DE1 2PA,NOT LIVE
Waterside S ,,,Lincoln ,,LN5 7EU ,NOT LIVE
Tottenham Hale Retail Park ,Unit 7a ,,London ,,N15 4QD,NOT LIVE
1A Fairfield Road ,,,West Drayton ,,UB7 8EY ,NOT LIVE
Willowbrook ,Unit 3 & 4 Willowbrook Centre ,Savages Wood Road ,Bradley Stoke ,,BS23 8BS ,NOT LIVE
Unit 1 Linkway Retail Park ,Watling Street ,Cannock ,,,WS11 1TD,NOT LIVE
Kempthorne Avenue ,Bushbury,Wolverhampton ,West Midlands ,,WV10 9UN,NOT LIVE
Unit C1 Golden Square Shopping Centre,Warrington,,,,WA1 1QE,NOT LIVE
Unit 7 ,Willowburn Retail Park ,,Alnwick ,,NE66 2DH,NOT LIVE
Eastern Bypass,Woodhall Business Park,,Sudbury,,CO10 1WH,NOT LIVE
124 Eastgate,Louth,,,,LN11 9AA,NOT LIVE
Unit 1,The Mall Shopping Centre,Grays,Essex,,RM17 6QF,NOT LIVE
unit 11 St Georges Park,Ring Road,Midleton,Leeds,,LS10 4YB,NOT LIVE
Unit 7,Willowburn Retail Park ,Alnwick,,,NE66 2DJ,NOT LIVE
Eastern Bypass,Woodhall Business Park,Sudbury,,,CO10 1WH,NOT LIVE
Unit 15 Union Arcade,Marketgate Shopping Centre,Great Yarmouth,,,NR30 2AX,NOT LIVE
Unit 6, Eaton Walk,College Street,Rushden,,,NN10 9SH,NOT LIVE
Unit 47A Crossgates Centre,Leeds,,,,LS15 8EU,NOT LIVE
Unit B7 Victoria Centre,Chartwell Square,Southend On Sea,,,SS2 5SP,NOT LIVE
Gattison Lane,New Rossington,Doncaster Road,,,DN11 0NH,NOT LIVE
53 Bridge Street,Killamarsh,Sheffield ,,,S21 1AL,NOT LIVE
25-29 West Gate House,Market Street,Halifax,,,HX1 1PG,NOT LIVE
36 Hall Croft,Shepshed,Leicestershire,,,LE12 9AN,NOT LIVE
Middlebrook Way,Holt Road,Cromer,,,NR27 9JR,NOT LIVE
80 High Street,Erdington,Birmingham,,,B23 6RS,NOT LIVE
Queens Parade,Dene Drive,Winsford,,,CW7 1AT,NOT LIVE
Wilder Haugh,Low Buckholmside,Galashiels,,,TD1 1PD,NOT LIVE
49-53 Market Street,Earlestown ,Newton Le Willows ,,,WA12 9BH,NOT LIVE
Watling Road,Bishop Auckland,,,,DL14 9AT,NOT LIVE
Unit 1 ,Tyne Valley Retail Park ,Station Road,,,NE46 1AJ,NOT LIVE
Unit A Tweedbank Retail Park,Northumberland Road,Tweedmouth,Berwick Upon Tweed,,TD15 2AS,NOT LIVE
Wrekin Retail Park,Arleston,Telford,,,TF1 2DE,NOT LIVE
Unit 1 Picton Court,Waterton,Bridgend,,,CF31 3XX,NOT LIVE
Unit D Horsted Retail Park,Maidstone Road,Chatham,,,ME5 9SQ,NOT LIVE
Linden Park Road,Tunbridge Wells,,,,TN2 5QL,NOT LIVE
Unit 1 Wyndham Way Retail Park,,Wyndham Way,Portishead,Bristol,,BS20 7BY,NOT LIVE
34-36 Scotch Street,Carlisle,,,,CA3 8PU,NOT LIVE
Junction One,International Outlet Shopping,Antrim,,,BT41 4LL,NOT LIVE
Madford Business Park,Mansfield Road,Daystock,Nottingham,,NG5 6AD,NOT LIVE
10 Palace Grounds Road,Hamilton Retail Park,Lanarkshire,,,ML3 6AD,NOT LIVE
1332 Stratford Rd,Hall Green,Birmingham,,,B28 9EF,NOT LIVE
Unit 4 Tannery Retail Park,Lombard Street,Stourport-On-Severn,,,DY13 8EY,NOT LIVE
31 Rushmere Shopping Centre,Craigavon,,,,BT64 1AA,NOT LIVE
Unit 2 Stamford Retail Park,Ryhall Road,Stamford,,,PE9 1TX,NOT LIVE
Langstracht ,Aberdeen,,,,AB16 6LA,NOT LIVE
Sainsbury Way,Hessle,,,,HU12 9NT,NOT LIVE
37-38 Mere Street,Diss,,,,IP22 4AG,NOT LIVE
